file,schema,gap_start_utc,gap_end_utc,n_missing_bars,action
coinbase_BTCEUR_1m_20230301_20230321.csv,A,2023-03-04 16:55:00+00:00,2023-03-04 21:41:00+00:00,287,DROPPED -- not imputed
coinbase_BTCUSDC_1m_20230301_20230321.csv,B,2023-03-04 17:00:00+00:00,2023-03-04 21:36:00+00:00,277,DROPPED -- not imputed
coinbase_BTCUSDT_1m_20230301_20230321.csv,B,2023-03-04 17:00:00+00:00,2023-03-04 21:41:00+00:00,282,DROPPED -- not imputed
coinbase_BTCUSD_1m_20230301_20230321.csv,A,2023-03-04 17:00:00+00:00,2023-03-04 21:36:00+00:00,277,DROPPED -- not imputed
coinbase_USDCEUR_1m_20230301_20230321.csv,A,2023-03-01 03:22:00+00:00,2023-03-01 04:03:00+00:00,42,DROPPED -- not imputed
coinbase_USDCEUR_1m_20230301_20230321.csv,A,2023-03-01 21:49:00+00:00,2023-03-01 22:24:00+00:00,36,DROPPED -- not imputed
coinbase_USDCEUR_1m_20230301_20230321.csv,A,2023-03-01 23:20:00+00:00,2023-03-01 23:59:00+00:00,40,DROPPED -- not imputed
coinbase_USDCEUR_1m_20230301_20230321.csv,A,2023-03-02 01:40:00+00:00,2023-03-02 02:56:00+00:00,77,DROPPED -- not imputed
coinbase_USDCEUR_1m_20230301_20230321.csv,A,2023-03-04 04:17:00+00:00,2023-03-04 04:47:00+00:00,31,DROPPED -- not imputed
coinbase_USDCEUR_1m_20230301_20230321.csv,A,2023-03-04 10:59:00+00:00,2023-03-04 11:33:00+00:00,35,DROPPED -- not imputed
coinbase_USDCEUR_1m_20230301_20230321.csv,A,2023-03-04 11:35:00+00:00,2023-03-04 12:20:00+00:00,46,DROPPED -- not imputed
coinbase_USDCEUR_1m_20230301_20230321.csv,A,2023-03-04 17:00:00+00:00,2023-03-04 23:25:00+00:00,386,DROPPED -- not imputed
coinbase_USDCEUR_1m_20230301_20230321.csv,A,2023-03-05 06:46:00+00:00,2023-03-05 07:25:00+00:00,40,DROPPED -- not imputed
coinbase_USDCEUR_1m_20230301_20230321.csv,A,2023-03-07 01:12:00+00:00,2023-03-07 01:46:00+00:00,35,DROPPED -- not imputed
coinbase_USDCEUR_1m_20230301_20230321.csv,A,2023-03-07 22:58:00+00:00,2023-03-07 23:30:00+00:00,33,DROPPED -- not imputed
coinbase_USDCEUR_1m_20230301_20230321.csv,A,2023-03-09 01:56:00+00:00,2023-03-09 02:31:00+00:00,36,DROPPED -- not imputed
coinbase_USDCEUR_1m_20230301_20230321.csv,A,2023-03-09 02:42:00+00:00,2023-03-09 03:24:00+00:00,43,DROPPED -- not imputed
coinbase_USDCEUR_1m_20230301_20230321.csv,A,2023-03-09 03:59:00+00:00,2023-03-09 04:29:00+00:00,31,DROPPED -- not imputed
coinbase_USDCEUR_1m_20230301_20230321.csv,A,2023-03-09 05:08:00+00:00,2023-03-09 06:00:00+00:00,53,DROPPED -- not imputed
coinbase_USDCEUR_1m_20230301_20230321.csv,A,2023-03-12 03:15:00+00:00,2023-03-12 03:49:00+00:00,35,DROPPED -- not imputed
coinbase_USDCEUR_1m_20230301_20230321.csv,A,2023-03-12 05:09:00+00:00,2023-03-12 05:50:00+00:00,42,DROPPED -- not imputed
coinbase_USDCEUR_1m_20230301_20230321.csv,A,2023-03-13 04:25:00+00:00,2023-03-13 04:58:00+00:00,34,DROPPED -- not imputed
coinbase_USDCEUR_1m_20230301_20230321.csv,A,2023-03-16 05:12:00+00:00,2023-03-16 05:49:00+00:00,38,DROPPED -- not imputed
coinbase_USDCEUR_1m_20230301_20230321.csv,A,2023-03-17 04:25:00+00:00,2023-03-17 05:01:00+00:00,37,DROPPED -- not imputed
coinbase_USDCEUR_1m_20230301_20230321.csv,A,2023-03-18 02:40:00+00:00,2023-03-18 04:07:00+00:00,88,DROPPED -- not imputed
coinbase_USDCEUR_1m_20230301_20230321.csv,A,2023-03-18 07:00:00+00:00,2023-03-18 07:32:00+00:00,33,DROPPED -- not imputed
coinbase_USDCEUR_1m_20230301_20230321.csv,A,2023-03-18 10:38:00+00:00,2023-03-18 11:27:00+00:00,50,DROPPED -- not imputed
coinbase_USDCEUR_1m_20230301_20230321.csv,A,2023-03-18 23:44:00+00:00,2023-03-19 00:17:00+00:00,34,DROPPED -- not imputed
coinbase_USDCEUR_1m_20230301_20230321.csv,A,2023-03-19 02:48:00+00:00,2023-03-19 03:20:00+00:00,33,DROPPED -- not imputed
coinbase_USDCEUR_1m_20230301_20230321.csv,A,2023-03-19 04:27:00+00:00,2023-03-19 05:10:00+00:00,44,DROPPED -- not imputed
coinbase_USDCEUR_1m_20230301_20230321.csv,A,2023-03-19 21:27:00+00:00,2023-03-19 22:02:00+00:00,36,DROPPED -- not imputed
coinbase_USDCEUR_1m_20230301_20230321.csv,A,2023-03-20 04:14:00+00:00,2023-03-20 04:52:00+00:00,39,DROPPED -- not imputed
coinbase_USDCEUR_1m_20230301_20230321.csv,A,2023-03-21 01:38:00+00:00,2023-03-21 02:20:00+00:00,43,DROPPED -- not imputed
coinbase_USDCEUR_1m_20230301_20230321.csv,A,2023-03-21 03:17:00+00:00,2023-03-21 03:52:00+00:00,36,DROPPED -- not imputed
coinbase_USDCEUR_1m_20230301_20230321.csv,A,2023-03-21 04:59:00+00:00,2023-03-21 05:40:00+00:00,42,DROPPED -- not imputed
coinbase_USDTEUR_1m_20230301_20230321.csv,A,2023-03-04 16:36:00+00:00,2023-03-04 22:06:00+00:00,331,DROPPED -- not imputed
coinbase_USDTEUR_1m_20230301_20230321.csv,A,2023-03-05 03:38:00+00:00,2023-03-05 04:22:00+00:00,45,DROPPED -- not imputed
coinbase_USDTEUR_1m_20230301_20230321.csv,A,2023-03-05 05:44:00+00:00,2023-03-05 06:20:00+00:00,37,DROPPED -- not imputed
coinbase_USDTEUR_1m_20230301_20230321.csv,A,2023-03-05 06:22:00+00:00,2023-03-05 06:53:00+00:00,32,DROPPED -- not imputed
coinbase_USDTEUR_1m_20230301_20230321.csv,A,2023-03-19 04:13:00+00:00,2023-03-19 04:45:00+00:00,33,DROPPED -- not imputed
coinbase_USDTUSDC_1m_20230301_20230321.csv,A,2023-03-01 05:54:00+00:00,2023-03-01 06:26:00+00:00,33,DROPPED -- not imputed
coinbase_USDTUSDC_1m_20230301_20230321.csv,A,2023-03-01 10:52:00+00:00,2023-03-01 11:26:00+00:00,35,DROPPED -- not imputed
coinbase_USDTUSDC_1m_20230301_20230321.csv,A,2023-03-01 11:53:00+00:00,2023-03-01 12:29:00+00:00,37,DROPPED -- not imputed
coinbase_USDTUSDC_1m_20230301_20230321.csv,A,2023-03-03 05:03:00+00:00,2023-03-03 05:33:00+00:00,31,DROPPED -- not imputed
coinbase_USDTUSDC_1m_20230301_20230321.csv,A,2023-03-03 06:54:00+00:00,2023-03-03 07:27:00+00:00,34,DROPPED -- not imputed
coinbase_USDTUSDC_1m_20230301_20230321.csv,A,2023-03-03 12:00:00+00:00,2023-03-03 12:38:00+00:00,39,DROPPED -- not imputed
coinbase_USDTUSDC_1m_20230301_20230321.csv,A,2023-03-03 22:02:00+00:00,2023-03-03 22:34:00+00:00,33,DROPPED -- not imputed
coinbase_USDTUSDC_1m_20230301_20230321.csv,A,2023-03-04 07:36:00+00:00,2023-03-04 08:29:00+00:00,54,DROPPED -- not imputed
coinbase_USDTUSDC_1m_20230301_20230321.csv,A,2023-03-04 16:36:00+00:00,2023-03-04 22:01:00+00:00,326,DROPPED -- not imputed
coinbase_USDTUSDC_1m_20230301_20230321.csv,A,2023-03-04 22:30:00+00:00,2023-03-04 23:03:00+00:00,34,DROPPED -- not imputed
coinbase_USDTUSDC_1m_20230301_20230321.csv,A,2023-03-04 23:21:00+00:00,2023-03-05 00:02:00+00:00,42,DROPPED -- not imputed
coinbase_USDTUSDC_1m_20230301_20230321.csv,A,2023-03-05 03:23:00+00:00,2023-03-05 04:01:00+00:00,39,DROPPED -- not imputed
coinbase_USDTUSDC_1m_20230301_20230321.csv,A,2023-03-05 04:28:00+00:00,2023-03-05 05:05:00+00:00,38,DROPPED -- not imputed
coinbase_USDTUSDC_1m_20230301_20230321.csv,A,2023-03-05 06:17:00+00:00,2023-03-05 07:02:00+00:00,46,DROPPED -- not imputed
coinbase_USDTUSDC_1m_20230301_20230321.csv,A,2023-03-05 07:17:00+00:00,2023-03-05 08:03:00+00:00,47,DROPPED -- not imputed
coinbase_USDTUSDC_1m_20230301_20230321.csv,A,2023-03-05 09:28:00+00:00,2023-03-05 10:04:00+00:00,37,DROPPED -- not imputed
coinbase_USDTUSDC_1m_20230301_20230321.csv,A,2023-03-05 10:17:00+00:00,2023-03-05 11:04:00+00:00,48,DROPPED -- not imputed
coinbase_USDTUSDC_1m_20230301_20230321.csv,A,2023-03-05 12:35:00+00:00,2023-03-05 13:08:00+00:00,34,DROPPED -- not imputed
coinbase_USDTUSDC_1m_20230301_20230321.csv,A,2023-03-05 13:30:00+00:00,2023-03-05 14:06:00+00:00,37,DROPPED -- not imputed
coinbase_USDTUSDC_1m_20230301_20230321.csv,A,2023-03-05 16:38:00+00:00,2023-03-05 17:10:00+00:00,33,DROPPED -- not imputed
coinbase_USDTUSDC_1m_20230301_20230321.csv,A,2023-03-05 20:26:00+00:00,2023-03-05 21:03:00+00:00,38,DROPPED -- not imputed
coinbase_USDTUSDC_1m_20230301_20230321.csv,A,2023-03-05 22:17:00+00:00,2023-03-05 22:49:00+00:00,33,DROPPED -- not imputed
coinbase_USDTUSDC_1m_20230301_20230321.csv,A,2023-03-05 23:19:00+00:00,2023-03-05 23:59:00+00:00,41,DROPPED -- not imputed
coinbase_USDTUSDC_1m_20230301_20230321.csv,A,2023-03-06 03:19:00+00:00,2023-03-06 04:03:00+00:00,45,DROPPED -- not imputed
coinbase_USDTUSDC_1m_20230301_20230321.csv,A,2023-03-06 05:22:00+00:00,2023-03-06 05:52:00+00:00,31,DROPPED -- not imputed
coinbase_USDTUSDC_1m_20230301_20230321.csv,A,2023-03-06 07:17:00+00:00,2023-03-06 07:51:00+00:00,35,DROPPED -- not imputed
coinbase_USDTUSDC_1m_20230301_20230321.csv,A,2023-03-06 17:13:00+00:00,2023-03-06 17:44:00+00:00,32,DROPPED -- not imputed
coinbase_USDTUSDC_1m_20230301_20230321.csv,A,2023-03-06 20:23:00+00:00,2023-03-06 21:00:00+00:00,38,DROPPED -- not imputed
coinbase_USDTUSDC_1m_20230301_20230321.csv,A,2023-03-06 23:22:00+00:00,2023-03-07 00:05:00+00:00,44,DROPPED -- not imputed
coinbase_USDTUSDC_1m_20230301_20230321.csv,A,2023-03-07 02:23:00+00:00,2023-03-07 03:02:00+00:00,40,DROPPED -- not imputed
coinbase_USDTUSDC_1m_20230301_20230321.csv,A,2023-03-07 03:18:00+00:00,2023-03-07 04:00:00+00:00,43,DROPPED -- not imputed
coinbase_USDTUSDC_1m_20230301_20230321.csv,A,2023-03-07 04:15:00+00:00,2023-03-07 04:50:00+00:00,36,DROPPED -- not imputed
coinbase_USDTUSDC_1m_20230301_20230321.csv,A,2023-03-07 05:13:00+00:00,2023-03-07 06:03:00+00:00,51,DROPPED -- not imputed
coinbase_USDTUSDC_1m_20230301_20230321.csv,A,2023-03-07 06:17:00+00:00,2023-03-07 07:00:00+00:00,44,DROPPED -- not imputed
coinbase_USDTUSDC_1m_20230301_20230321.csv,A,2023-03-07 12:20:00+00:00,2023-03-07 13:01:00+00:00,42,DROPPED -- not imputed
coinbase_USDTUSDC_1m_20230301_20230321.csv,A,2023-03-07 13:16:00+00:00,2023-03-07 14:01:00+00:00,46,DROPPED -- not imputed
coinbase_USDTUSDC_1m_20230301_20230321.csv,A,2023-03-07 23:21:00+00:00,2023-03-07 23:57:00+00:00,37,DROPPED -- not imputed
coinbase_USDTUSDC_1m_20230301_20230321.csv,A,2023-03-08 02:13:00+00:00,2023-03-08 02:45:00+00:00,33,DROPPED -- not imputed
coinbase_USDTUSDC_1m_20230301_20230321.csv,A,2023-03-08 03:20:00+00:00,2023-03-08 04:00:00+00:00,41,DROPPED -- not imputed
coinbase_USDTUSDC_1m_20230301_20230321.csv,A,2023-03-08 06:19:00+00:00,2023-03-08 06:49:00+00:00,31,DROPPED -- not imputed
coinbase_USDTUSDC_1m_20230301_20230321.csv,A,2023-03-08 07:14:00+00:00,2023-03-08 08:01:00+00:00,48,DROPPED -- not imputed
coinbase_USDTUSDC_1m_20230301_20230321.csv,A,2023-03-08 08:30:00+00:00,2023-03-08 09:03:00+00:00,34,DROPPED -- not imputed
coinbase_USDTUSDC_1m_20230301_20230321.csv,A,2023-03-08 09:19:00+00:00,2023-03-08 10:02:00+00:00,44,DROPPED -- not imputed
coinbase_USDTUSDC_1m_20230301_20230321.csv,A,2023-03-08 12:13:00+00:00,2023-03-08 12:43:00+00:00,31,DROPPED -- not imputed
coinbase_USDTUSDC_1m_20230301_20230321.csv,A,2023-03-08 20:21:00+00:00,2023-03-08 21:01:00+00:00,41,DROPPED -- not imputed
coinbase_USDTUSDC_1m_20230301_20230321.csv,A,2023-03-09 00:31:00+00:00,2023-03-09 01:07:00+00:00,37,DROPPED -- not imputed
coinbase_USDTUSDC_1m_20230301_20230321.csv,A,2023-03-09 02:16:00+00:00,2023-03-09 03:04:00+00:00,49,DROPPED -- not imputed
coinbase_USDTUSDC_1m_20230301_20230321.csv,A,2023-03-09 06:19:00+00:00,2023-03-09 06:56:00+00:00,38,DROPPED -- not imputed
coinbase_USDTUSDC_1m_20230301_20230321.csv,A,2023-03-09 07:15:00+00:00,2023-03-09 08:01:00+00:00,47,DROPPED -- not imputed
coinbase_USDTUSDC_1m_20230301_20230321.csv,A,2023-03-09 10:26:00+00:00,2023-03-09 11:01:00+00:00,36,DROPPED -- not imputed
coinbase_USDTUSDC_1m_20230301_20230321.csv,A,2023-03-09 15:19:00+00:00,2023-03-09 15:54:00+00:00,36,DROPPED -- not imputed
coinbase_USDTUSDC_1m_20230301_20230321.csv,A,2023-03-10 04:21:00+00:00,2023-03-10 04:53:00+00:00,33,DROPPED -- not imputed
coinbase_USDTUSDC_1m_20230301_20230321.csv,A,2023-03-10 06:26:00+00:00,2023-03-10 06:56:00+00:00,31,DROPPED -- not imputed
coinbase_USDTUSDC_1m_20230301_20230321.csv,A,2023-03-16 08:35:00+00:00,2023-03-16 09:11:00+00:00,37,DROPPED -- not imputed
coinbase_USDTUSDC_1m_20230301_20230321.csv,A,2023-03-17 05:01:00+00:00,2023-03-17 05:33:00+00:00,33,DROPPED -- not imputed
coinbase_USDTUSDC_1m_20230301_20230321.csv,A,2023-03-18 06:59:00+00:00,2023-03-18 07:43:00+00:00,45,DROPPED -- not imputed
coinbase_USDTUSDC_1m_20230301_20230321.csv,A,2023-03-21 12:17:00+00:00,2023-03-21 12:47:00+00:00,31,DROPPED -- not imputed
